variable,model,ws,R2,MAE,MSE,RMSE
direction,GRU_Att_1,10,0.4597219251236293,32.600867977155,5897.507781245849,76.7952328028625
direction,GRU_Att_1,20,0.18417392406686262,49.24264954948852,8901.193264006504,94.3461353951846
direction,GRU_Att_1,2,0.7965080151015484,11.725026331455785,2215.5358598446933,47.069479069187636
direction,GRU_Att_1,30,-0.025942165973763753,63.63143340584965,11165.015885907662,105.66463876769589
direction,GRU_Att_1,3,0.7319840805821132,15.612733154380894,2919.559571825151,54.032948946223094
direction,GRU_Att_1,4,0.6683077529714125,19.251579942738566,3614.4517546163747,60.12031066633284
direction,GRU_Att_1,5,0.6327539515518428,21.80284816685034,4003.4789216573186,63.273050516450674
direction,GRU_Att_2,10,0.4453904257060325,33.5097144375083,6053.945980873954,77.80710752157513
direction,GRU_Att_2,20,0.18931459140772866,49.015136508366645,8845.10523880496,94.04841965075734
direction,GRU_Att_2,2,0.7853405735135057,12.52057386218672,2337.1223061775886,48.34379284021464
direction,GRU_Att_2,30,0.01673565801821275,59.652999067647364,10700.56613557098,103.4435408112608
direction,GRU_Att_2,3,0.724838060087831,16.20170561995877,2997.402830463867,54.74854181130185
direction,GRU_Att_2,4,0.6701201708082565,19.313795933912953,3594.7018301331723,59.95583232791596
direction,GRU_Att_2,5,0.6299576536743862,22.007439182854416,4033.9623527476683,63.51348166135807
direction,GRU_Att_3,10,0.4223171431748016,34.83754482667021,6305.806771815646,79.4091101311156
direction,GRU_Att_3,20,0.17330325977036964,50.04973443533636,9019.799283923854,94.97262386563749
direction,GRU_Att_3,2,0.8077798948025247,12.060168521317031,2092.8123348968657,45.74726587345812
direction,GRU_Att_3,30,0.00027057523688911456,60.576685659035185,10879.75061293553,104.30604303172242
direction,GRU_Att_3,3,0.7099468980379822,17.24766689937039,3159.6157124175293,56.21045910164344
direction,GRU_Att_3,4,0.6440926475540023,21.086056972498753,3878.323856084684,62.27619012178478
direction,GRU_Att_3,5,0.5941515145250205,24.12579239107193,4424.297725874632,66.5153946532277
direction,GRU_Att_4,10,0.4313100938870147,34.47843803958029,6207.642512949927,78.78859379980028
direction,GRU_Att_4,20,0.1746888124660978,49.906687893774134,9004.682002574351,94.89300291683445
direction,GRU_Att_4,2,0.7927764150511796,11.986422127581628,2256.163964830334,47.49909435800154
direction,GRU_Att_4,30,-0.012872165567831662,61.84335577885977,11022.779055215995,104.98942353978326
direction,GRU_Att_4,3,0.7209943467036405,16.27661720893189,3039.273291839965,55.129604495588076
direction,GRU_Att_4,4,0.6535857391695876,20.12899713692837,3774.877598434504,61.44003253933467
direction,GRU_Att_4,5,0.613730899246625,22.937729164267974,4210.855935654719,64.8911082942395
direction,GRU_Linear,10,0.5061549332418277,49.30289176969054,5390.659475868311,73.42111056003111
direction,GRU_Linear,20,0.2826105284260848,67.51928096768513,7827.185867697449,88.47138445676912
direction,GRU_Linear,2,0.8492869286196575,18.650043350800402,1640.9010623052932,40.50803700878745
direction,GRU_Linear,30,0.1513267387802535,77.0599139608412,9235.852426895814,96.10334243352733
direction,GRU_Linear,3,0.7762224985506674,25.011498728126675,2437.660224566173,49.3726667759214
direction,GRU_Linear,4,0.7202651683411414,29.202427049788543,3048.2715896266805,55.21115457610609
direction,GRU_Linear,5,0.6755570455739955,33.16627679392075,3536.867271447567,59.471566916027754
direction,GRU_Reference,10,-2.9798976246551896,180.35975229114092,43443.32724465401,208.430629334208
direction,GRU_Reference,20,-3.00143333161851,180.9685421041935,43658.240976221125,208.9455454806853
direction,GRU_Reference,2,-2.974667032033045,179.96919056123616,43274.51690446751,208.02527948417114
direction,GRU_Reference,30,-3.030521509398029,181.61015573742188,43862.93708691598,209.43480390545403
direction,GRU_Reference,3,-2.9747353971190824,180.01795096178742,43297.71455119318,208.08102881135795
direction,GRU_Reference,4,-2.9753093710674303,180.0664876152452,43318.962261301254,208.13207888574325
direction,GRU_Reference,5,-2.975931612506503,180.12125269338947,43343.035199105216,208.1899017702473
direction,GRU_Third,10,-2.9798976246551896,180.35975229114092,43443.32724465401,208.430629334208
direction,GRU_Third,20,-3.00143333161851,180.9685421041935,43658.240976221125,208.9455454806853
direction,GRU_Third,2,-2.974667032033045,179.96919056123616,43274.51690446751,208.02527948417114
direction,GRU_Third,30,-3.030521509398029,181.61015573742188,43862.93708691598,209.43480390545403
direction,GRU_Third,3,-2.9747353971190824,180.01795096178742,43297.71455119318,208.08102881135795
direction,GRU_Third,4,-2.9753093710674303,180.0664876152452,43318.962261301254,208.13207888574325
direction,GRU_Third,5,-2.975931612506503,180.12125269338947,43343.035199105216,208.1899017702473
direction,GRU_Twice,10,-2.9798976246551896,180.35975229114092,43443.32724465401,208.430629334208
direction,GRU_Twice,20,-3.00143333161851,180.9685421041935,43658.240976221125,208.9455454806853
direction,GRU_Twice,2,-2.974667032033045,179.96919056123616,43274.51690446751,208.02527948417114
direction,GRU_Twice,30,-3.030521509398029,181.61015573742188,43862.93708691598,209.43480390545403
direction,GRU_Twice,3,-2.9747353971190824,180.01795096178742,43297.71455119318,208.08102881135795
direction,GRU_Twice,4,-2.9753093710674303,180.0664876152452,43318.962261301254,208.13207888574325
direction,GRU_Twice,5,-2.975931612506503,180.12125269338947,43343.035199105216,208.1899017702473
direction,LSTM_Linear,10,0.5152510921805009,46.46884509456765,5291.3686280349075,72.74179423161699
direction,LSTM_Linear,20,0.3113739774243486,63.56179372393468,7513.357925657113,86.67962808905627
direction,LSTM_Linear,2,0.8490523174749384,17.46999613663572,1643.4554105981945,40.539553655636055
direction,LSTM_Linear,30,0.19180948987227953,72.87657218674674,8795.290985872756,93.78321270820678
direction,LSTM_Linear,3,0.7785934406933163,23.547998179339192,2411.833001907727,49.11041642979345
direction,LSTM_Linear,4,0.6876059984690581,30.920373247287984,3404.1586955387215,58.345168570659915
direction,LSTM_Linear,5,0.6763852057967907,32.27377662621512,3527.839204271009,59.39561603579013
direction,LSTM_Reference,10,-2.9798976246551896,180.35975229114092,43443.32724465401,208.430629334208
direction,LSTM_Reference,20,-3.00143333161851,180.9685421041935,43658.240976221125,208.9455454806853
direction,LSTM_Reference,2,-2.974667032033045,179.96919056123616,43274.51690446751,208.02527948417114
direction,LSTM_Reference,30,-3.030521509398029,181.61015573742188,43862.93708691598,209.43480390545403
direction,LSTM_Reference,3,-2.9747353971190824,180.01795096178742,43297.71455119318,208.08102881135795
direction,LSTM_Reference,4,-2.9753093710674303,180.0664876152452,43318.962261301254,208.13207888574325
direction,LSTM_Reference,5,-2.975931612506503,180.12125269338947,43343.035199105216,208.1899017702473
direction,LSTM_Third,10,-2.9798976246551896,180.35975229114092,43443.32724465401,208.430629334208
direction,LSTM_Third,20,-3.00143333161851,180.9685421041935,43658.240976221125,208.9455454806853
direction,LSTM_Third,2,-2.974667032033045,179.96919056123616,43274.51690446751,208.02527948417114
direction,LSTM_Third,30,-3.030521509398029,181.61015573742188,43862.93708691598,209.43480390545403
direction,LSTM_Third,3,-2.9747353971190824,180.01795096178742,43297.71455119318,208.08102881135795
direction,LSTM_Third,4,-2.9753093710674303,180.0664876152452,43318.962261301254,208.13207888574325
direction,LSTM_Third,5,-2.975931612506503,180.12125269338947,43343.035199105216,208.1899017702473
direction,LSTM_Twice,10,-2.9798976246551896,180.35975229114092,43443.32724465401,208.430629334208
direction,LSTM_Twice,20,-3.00143333161851,180.9685421041935,43658.240976221125,208.9455454806853
direction,LSTM_Twice,2,-2.974667032033045,179.96919056123616,43274.51690446751,208.02527948417114
direction,LSTM_Twice,30,-3.030521509398029,181.61015573742188,43862.93708691598,209.43480390545403
direction,LSTM_Twice,3,-2.9747353971190824,180.01795096178742,43297.71455119318,208.08102881135795
direction,LSTM_Twice,4,-2.9753093710674303,180.0664876152452,43318.962261301254,208.13207888574325
direction,LSTM_Twice,5,-2.975931612506503,180.12125269338947,43343.035199105216,208.1899017702473
direction,RNN_Linear,10,0.5189515689231943,47.55845558839154,5250.975372414925,72.46361412747038
direction,RNN_Linear,20,0.2862370266544709,66.77188262373822,7787.618412629871,88.2474838883799
direction,RNN_Linear,2,0.8617578820828918,18.109949659882638,1505.1225223395147,38.79590857731669
direction,RNN_Linear,30,0.16407638737760888,76.3198819669878,9097.101887293902,95.37872869405369
direction,RNN_Linear,3,0.7924284267659534,24.04477385229541,2261.1252898353832,47.55129114793186
direction,RNN_Linear,4,0.7294686653532378,28.830289010401618,2947.981045539553,54.29531329258128
direction,RNN_Linear,5,0.684658955670737,32.67110581489215,3437.644133790667,58.6314261620052
direction,RNN_Reference,10,-2.9798976246551896,180.35975229114092,43443.32724465401,208.430629334208
direction,RNN_Reference,20,-3.00143333161851,180.9685421041935,43658.240976221125,208.9455454806853
direction,RNN_Reference,2,-2.974667032033045,179.96919056123616,43274.51690446751,208.02527948417114
direction,RNN_Reference,30,-3.030521509398029,181.61015573742188,43862.93708691598,209.43480390545403
direction,RNN_Reference,3,-2.9747353971190824,180.01795096178742,43297.71455119318,208.08102881135795
direction,RNN_Reference,4,-2.9753093710674303,180.0664876152452,43318.962261301254,208.13207888574325
direction,RNN_Reference,5,-2.975931612506503,180.12125269338947,43343.035199105216,208.1899017702473
direction,RNN_Third,10,-2.9798976246551896,180.35975229114092,43443.32724465401,208.430629334208
direction,RNN_Third,20,-3.00143333161851,180.9685421041935,43658.240976221125,208.9455454806853
direction,RNN_Third,2,-2.974667032033045,179.96919056123616,43274.51690446751,208.02527948417114
direction,RNN_Third,30,-3.030521509398029,181.61015573742188,43862.93708691598,209.43480390545403
direction,RNN_Third,3,-2.9747353971190824,180.01795096178742,43297.71455119318,208.08102881135795
direction,RNN_Third,4,-2.9753093710674303,180.0664876152452,43318.962261301254,208.13207888574325
direction,RNN_Third,5,-2.975931612506503,180.12125269338947,43343.035199105216,208.1899017702473
direction,RNN_Twice,10,-2.9798976246551896,180.35975229114092,43443.32724465401,208.430629334208
direction,RNN_Twice,20,-3.00143333161851,180.9685421041935,43658.240976221125,208.9455454806853
direction,RNN_Twice,2,-2.974667032033045,179.96919056123616,43274.51690446751,208.02527948417114
direction,RNN_Twice,30,-3.030521509398029,181.61015573742188,43862.93708691598,209.43480390545403
direction,RNN_Twice,3,-2.9747353971190824,180.01795096178742,43297.71455119318,208.08102881135795
direction,RNN_Twice,4,-2.9753093710674303,180.0664876152452,43318.962261301254,208.13207888574325
direction,RNN_Twice,5,-2.975931612506503,180.12125269338947,43343.035199105216,208.1899017702473
direction,UniTS,10,0.5789958862457394,34.773241613802085,4581.427264169646,67.68624132103692
direction,UniTS,20,0.44216688009303995,47.32144131868985,6070.721579052739,77.91483542338223
direction,UniTS,2,0.772146043724318,16.095881701663224,2479.481118019885,49.79438841897634
direction,UniTS,30,0.35220118522364197,55.61526592832743,7050.047396461499,83.96456036007989
direction,UniTS,3,0.7414286219344739,19.449773271930596,2813.7409299413785,53.04470689843972
direction,UniTS,4,0.7126787649244484,22.361896262498636,3126.5913564004254,55.91593115025829
direction,UniTS,5,0.6855824824789576,24.935825461547243,3421.4549262792602,58.49320410337649
latitude_no_abs,GRU_Att_1,10,0.4506403703880556,0.0002057434355460955,1.3938097406212582e-07,0.00037333761404675773
latitude_no_abs,GRU_Att_1,20,0.1967763906921549,0.0002824809438187,2.068834565660199e-07,0.00045484443116962516
latitude_no_abs,GRU_Att_1,2,0.9409508231508629,5.535146909495888e-05,1.4776304486881323e-08,0.00012155782363501463
latitude_no_abs,GRU_Att_1,30,0.0693363357388016,0.00032556565124161293,2.427020863540155e-07,0.0004926480349641268
latitude_no_abs,GRU_Att_1,3,0.9058479074511004,7.422796257830364e-05,2.3601375968603054e-08,0.00015362739328844663
latitude_no_abs,GRU_Att_1,4,0.8716075252684674,8.846562528768886e-05,3.2243967788708125e-08,0.00017956605411020236
latitude_no_abs,GRU_Att_1,5,0.8324098543349606,0.00010121056033204865,4.216278863062885e-08,0.00020533579481091173
latitude_no_abs,GRU_Att_2,10,0.6164724887759341,0.00016459501396833844,9.730681909006249e-08,0.00031194040951768736
latitude_no_abs,GRU_Att_2,20,0.28859472591828383,0.00023823725742977338,1.832341335785045e-07,0.00042805856325800153
latitude_no_abs,GRU_Att_2,2,0.9317902331521271,6.159832683677821e-05,1.7068625469553537e-08,0.00013064694971392764
latitude_no_abs,GRU_Att_2,30,0.024940409544112585,0.00029594711835097184,2.5427982848239605e-07,0.0005042616666795088
latitude_no_abs,GRU_Att_2,3,0.899439698102713,7.864762307911916e-05,2.520774024604339e-08,0.00015876945627558026
latitude_no_abs,GRU_Att_2,4,0.8767367627908446,8.779002919631232e-05,3.095583178386839e-08,0.00017594269460215843
latitude_no_abs,GRU_Att_2,5,0.8399501200103714,0.00010080305959086869,4.0265787905260705e-08,0.00020066336961503637
latitude_no_abs,GRU_Att_3,10,0.5623369853926159,0.0001778207915391779,1.1104182760941862e-07,0.0003332293918750545
latitude_no_abs,GRU_Att_3,20,0.1734790734217001,0.0002577563780702945,2.1288406395576067e-07,0.0004613936106577124
latitude_no_abs,GRU_Att_3,2,0.9295817369064435,6.431784467227882e-05,1.7621273528775912e-08,0.00013274514502902135
latitude_no_abs,GRU_Att_3,30,-0.06955174851276413,0.0003129777588711351,2.7892186059901787e-07,0.0005281305336742214
latitude_no_abs,GRU_Att_3,3,0.8826893131168911,8.723512205366492e-05,2.940660745086842e-08,0.0001714835486303815
latitude_no_abs,GRU_Att_3,4,0.8361025566339609,0.00010502733011560158,4.116054227941661e-08,0.0002028806109006393
latitude_no_abs,GRU_Att_3,5,0.7945856989737422,0.00011869516618901738,5.1678693407121926e-08,0.00022732948204560254
latitude_no_abs,GRU_Att_4,10,0.6198327821935733,0.00016126379473194082,9.64542610489557e-08,0.000310570863168063
latitude_no_abs,GRU_Att_4,20,0.23883201635171536,0.00026694706201655597,1.9605133820735517e-07,0.0004427768492224443
latitude_no_abs,GRU_Att_4,2,0.9373054098459579,5.838364505879657e-05,1.5688522740345255e-08,0.00012525383323613395
latitude_no_abs,GRU_Att_4,30,0.07004375796570317,0.0003235542941135783,2.425176020370754e-07,0.0004924607619263441
latitude_no_abs,GRU_Att_4,3,0.8902138724880554,8.198988393498784e-05,2.7520404500841695e-08,0.0001658927499948135
latitude_no_abs,GRU_Att_4,4,0.8475608078753103,9.89948117363915e-05,3.828296331917357e-08,0.00019566032638011614
latitude_no_abs,GRU_Att_4,5,0.8037781097877742,0.00011336456500971773,4.936604147511284e-08,0.00022218470126251456
latitude_no_abs,GRU_Linear,10,0.44859132096346854,0.00024961490181738065,1.399008493665819e-07,0.0003740332196029945
latitude_no_abs,GRU_Linear,20,0.015438504487397142,0.00034229713296628103,2.535900128346336e-07,0.0005035772163577634
latitude_no_abs,GRU_Linear,2,0.9534774577558012,7.530327591348148e-05,1.1641673709700916e-08,0.00010789658803549311
latitude_no_abs,GRU_Linear,30,-0.1845985218004309,0.0003902704404399792,3.0892420513814837e-07,0.000555809504361115
latitude_no_abs,GRU_Linear,3,0.8799489845586439,0.00011614857972509432,3.0093533496055374e-08,0.00017347487857339856
latitude_no_abs,GRU_Linear,4,0.8270684386916296,0.00013482348291754396,4.3429334189075024e-08,0.00020839705897414922
latitude_no_abs,GRU_Linear,5,0.7582280054214723,0.00016202001681802389,6.082566169847605e-08,0.00024662859059418894
latitude_no_abs,GRU_Reference,10,0.45854926544535324,0.0002443732019486871,1.3737436593618846e-07,0.00037064048070359026
latitude_no_abs,GRU_Reference,20,0.0260001429326584,0.00034191689322931804,2.508696890751775e-07,0.0005008689340288311
latitude_no_abs,GRU_Reference,2,0.9558932908578635,7.15085841960042e-05,1.1037142242704184e-08,0.0001050578042922285
latitude_no_abs,GRU_Reference,30,-0.20448032983344389,0.000394796794400382,3.1410906028550477e-07,0.0005604543338091916
latitude_no_abs,GRU_Reference,3,0.8748034211587424,0.00011629995914540766,3.138338668023486e-08,0.00017715356807085445
latitude_no_abs,GRU_Reference,4,0.8008796244645687,0.00014656739105247497,5.000628727084644e-08,0.00022362085607305603
latitude_no_abs,GRU_Reference,5,0.744613566138085,0.0001707601420086295,6.42508196846579e-08,0.0002534774539967172
latitude_no_abs,GRU_Third,10,0.4541975007137875,0.0002483240912673226,1.3847847547478577e-07,0.0003721269614994132
latitude_no_abs,GRU_Third,20,0.010746275537780847,0.0003478374223840088,2.547985736050675e-07,0.000504775765667358
latitude_no_abs,GRU_Third,2,0.9427927471329082,8.775746369496322e-05,1.4315386468160649e-08,0.00011964692419013807
latitude_no_abs,GRU_Third,30,-0.20009153248839118,0.000396146255579972,3.1296453266168826e-07,0.0005594323307261462
latitude_no_abs,GRU_Third,3,0.8931647848628411,0.0001142201185025457,2.6780690804393054e-08,0.00016364806996843273
latitude_no_abs,GRU_Third,4,0.8051011016515891,0.00015408095921120421,4.894612253203545e-08,0.0002212377059455179
latitude_no_abs,GRU_Third,5,0.745466135109595,0.00016849186311971152,6.403632804377911e-08,0.0002530540022283369
latitude_no_abs,GRU_Twice,10,0.45595189333281505,0.0002453332069469532,1.3803335912668392e-07,0.0003715284095822067
latitude_no_abs,GRU_Twice,20,0.024646425989348186,0.0003433880034959213,2.512183611475601e-07,0.0005012168803497745
latitude_no_abs,GRU_Twice,2,0.9516830912869219,7.956339500505595e-05,1.2090691066419555e-08,0.00010995767852414653
latitude_no_abs,GRU_Twice,30,-0.17987616672522688,0.00039018816826794285,3.076926910334623e-07,0.0005547005417641688
latitude_no_abs,GRU_Twice,3,0.9063158135012982,0.00010725356253825054,2.3484084612566913e-08,0.00015324517810543637
latitude_no_abs,GRU_Twice,4,0.8198181050771693,0.00014906564413928242,4.525015370369901e-08,0.0002127208351424444
latitude_no_abs,GRU_Twice,5,0.7539594322013236,0.00016522322562655093,6.189956106004834e-08,0.0002487962239666196
latitude_no_abs,LSTM_Linear,10,0.4656030646333327,0.00024143257026468164,1.355847087632475e-07,0.0003682182895555943
latitude_no_abs,LSTM_Linear,20,0.05145272854540173,0.00033497832157020584,2.443139568617725e-07,0.0004942812527921451
latitude_no_abs,LSTM_Linear,2,0.9313064850616495,9.919678888861884e-05,1.7189677268431372e-08,0.00013110940953429457
latitude_no_abs,LSTM_Linear,30,-0.18256956825549797,0.0003923127457695495,3.0839508674943214e-07,0.0005553333113990481
latitude_no_abs,LSTM_Linear,3,0.8912199420771475,0.00011512629480979879,2.7268210141906888e-08,0.00016513088790988465
latitude_no_abs,LSTM_Linear,4,0.821422728081772,0.0001423022325357612,4.484717516012306e-08,0.00021177151640417333
latitude_no_abs,LSTM_Linear,5,0.7379495475082303,0.00016916543803591498,6.592737177431786e-08,0.00025676326017231877
latitude_no_abs,LSTM_Reference,10,0.46764761005880584,0.00024185785559898356,1.3506597619253053e-07,0.00036751323267677116
latitude_no_abs,LSTM_Reference,20,0.022719330562015028,0.00034486439375604677,2.5171471628269214e-07,0.0005017117860711388
latitude_no_abs,LSTM_Reference,2,0.9466357387703804,8.414734958755039e-05,1.3353726753226658e-08,0.00011555832619602388
latitude_no_abs,LSTM_Reference,30,-0.16806288477520082,0.00038657060695173045,3.04611977467369e-07,0.0005519166399623851
latitude_no_abs,LSTM_Reference,3,0.8800200570267914,0.00012123715333891988,3.007571755594875e-08,0.00017342352076909508
latitude_no_abs,LSTM_Reference,4,0.8179132286190985,0.00014221353329324084,4.572853668746762e-08,0.00021384231734497178
latitude_no_abs,LSTM_Reference,5,0.7610204640352018,0.00016202571094941587,6.012312729931287e-08,0.0002452001780164787
latitude_no_abs,LSTM_Third,10,0.4611366163915721,0.00024854350100779704,1.367179152694744e-07,0.0003697538576803147
latitude_no_abs,LSTM_Third,20,0.017114401101342214,0.00034815391488900784,2.5315835808703597e-07,0.000503148445378733
latitude_no_abs,LSTM_Third,2,0.9384913270578468,9.47751146050218e-05,1.5391762061295093e-08,0.00012406354041899294
latitude_no_abs,LSTM_Third,30,-0.20431432571631647,0.0003989400010821184,3.1406576908685016e-07,0.0005604157109564739
latitude_no_abs,LSTM_Third,3,0.9090942985991163,0.0001094320609153232,2.2787593757807547e-08,0.00015095560194245043
latitude_no_abs,LSTM_Third,4,0.8265319120788905,0.00014770397362713327,4.356407531666148e-08,0.00020872008843583187
latitude_no_abs,LSTM_Third,5,0.7723261629823841,0.00016243801525455374,5.72788085409516e-08,0.0002393299156832501
latitude_no_abs,LSTM_Twice,10,0.4525045851048308,0.0002510651930821424,1.3890799416138463e-07,0.00037270362778135744
latitude_no_abs,LSTM_Twice,20,0.03102273411674794,0.00035245681002620536,2.495760380755787e-07,0.0004995758581792946
latitude_no_abs,LSTM_Twice,2,0.334895024989295,0.0002727025979958275,1.6643404956527131e-07,0.0004079632943847661
latitude_no_abs,LSTM_Twice,30,-0.1260107621917026,0.00039169853777502303,2.936454615512975e-07,0.0005418906361539176
latitude_no_abs,LSTM_Twice,3,0.3350177658589397,0.00027672381037093755,1.666930101660096e-07,0.00040828055325475593
latitude_no_abs,LSTM_Twice,4,0.4735662857422541,0.00023544134965516626,1.32206437806498e-07,0.0003636020321814745
latitude_no_abs,LSTM_Twice,5,0.5660817345789555,0.00022632316341301119,1.0916634767107985e-07,0.0003304033106236677
latitude_no_abs,RNN_Linear,10,0.4542463618519168,0.0002477464244731862,1.3846607865372514e-07,0.00037211030441755457
latitude_no_abs,RNN_Linear,20,-0.005808247680716194,0.0003514861897602418,2.590624634429127e-07,0.00050898179087558
latitude_no_abs,RNN_Linear,2,0.46948578096735183,0.00026126492095586266,1.3275442695965374e-07,0.00036435480916224193
latitude_no_abs,RNN_Linear,30,-0.17533260554678076,0.00038766650296099886,3.0650780349585614e-07,0.0005536314690259723
latitude_no_abs,RNN_Linear,3,0.7663560749741161,0.00018337651058198916,5.856819501331882e-08,0.0002420086672276818
latitude_no_abs,RNN_Linear,4,0.631106521388368,0.00021223557950906358,9.264241901006598e-08,0.0003043721718719798
latitude_no_abs,RNN_Linear,5,0.6793938020994015,0.00020128200516969367,8.06589868521869e-08,0.0002840052584938999
latitude_no_abs,RNN_Reference,10,0.44142461604783223,0.0002543241161755854,1.4171915245642275e-07,0.0003764560431928577
latitude_no_abs,RNN_Reference,20,0.005588604832981736,0.0003492749215616829,2.56127016557781e-07,0.0005060899293186746
latitude_no_abs,RNN_Reference,2,0.550791274229281,0.0002441464194851225,1.124087627353455e-07,0.0003352741605542328
latitude_no_abs,RNN_Reference,30,-0.19891469141715357,0.0003945824939058696,3.126576314746486e-07,0.0005591579664769596
latitude_no_abs,RNN_Reference,3,0.4155967593017871,0.0002589606683196583,1.4649404200788266e-07,0.0003827454010277363
latitude_no_abs,RNN_Reference,4,0.7325198912749435,0.00017749952115273196,6.71738746985356e-08,0.00025917923276862984
latitude_no_abs,RNN_Reference,5,0.6877829345288469,0.00019366129908523222,7.854842589996947e-08,0.00028026492092298935
latitude_no_abs,RNN_Third,10,0.4549841016005126,0.00024921611392912874,1.3827890275069002e-07,0.00037185871342579834
latitude_no_abs,RNN_Third,20,-0.02873896762325212,0.00035989800869509194,2.649686476589708e-07,0.0005147510540630012
latitude_no_abs,RNN_Third,2,0.7399750654669959,0.0001855444020413896,6.506792832451132e-08,0.000255084159297498
latitude_no_abs,RNN_Third,30,-0.22945751619500365,0.0004054847962944885,3.2062270799089355e-07,0.0005662355587482065
latitude_no_abs,RNN_Third,3,0.8264152487088239,0.00014873525737470146,4.35129891086779e-08,0.00020859767282661114
latitude_no_abs,RNN_Third,4,0.8038479378496134,0.00015428360387875957,4.926083703029066e-08,0.0002219478250181575
latitude_no_abs,RNN_Third,5,0.7621330439889255,0.0001667244695232282,5.984322138218764e-08,0.00024462874193803894
latitude_no_abs,RNN_Twice,10,0.27801330855425543,0.000307904980049307,1.8317911053035158e-07,0.0004279942879646311
latitude_no_abs,RNN_Twice,20,-0.11611747861110944,0.0003787632701636668,2.8747442086244695e-07,0.0005361664115388495
latitude_no_abs,RNN_Twice,2,-0.044870984327863406,0.00039952918545637696,2.614656568944451e-07,0.0005113371264581177
latitude_no_abs,RNN_Twice,30,-0.19681013121258273,0.0003955710740229397,3.121087960874709e-07,0.0005586669813828905
latitude_no_abs,RNN_Twice,3,0.09971543923150294,0.0003689464144251711,2.256769214809587e-07,0.0004750546510465493
latitude_no_abs,RNN_Twice,4,0.11637984923880884,0.00036685636068423805,2.2190879752238235e-07,0.00047107196639407695
latitude_no_abs,RNN_Twice,5,-0.014204294400562256,0.0003532917563377458,2.5515629885873056e-07,0.0005051299821419538
latitude_no_abs,UniTS,10,0.6799852098022054,0.00016478242177904762,7.984021821878137e-08,0.0002825601143452157
latitude_no_abs,UniTS,20,0.41744696258028846,0.0002308488529518232,1.453640549396044e-07,0.00038126638317533896
latitude_no_abs,UniTS,2,0.9267924486061876,7.144081678826705e-05,1.8262176583860533e-08,0.00013513762090498906
latitude_no_abs,UniTS,30,0.24270831989974384,0.00027211553885904703,1.889966692703994e-07,0.0004347374716658312
latitude_no_abs,UniTS,3,0.8989585959018642,8.72322140171224e-05,2.5205949694392526e-08,0.0001587638173337758
latitude_no_abs,UniTS,4,0.8686134089011448,0.0001013382160550095,3.277643306582749e-08,0.00018104262775884438
latitude_no_abs,UniTS,5,0.8371734442365133,0.00011411900473730629,4.0620262310575344e-08,0.0002015446906037848
longitude_no_abs,GRU_Att_1,10,0.5022550798984335,0.0002524838153518689,2.101804701928962e-07,0.000458454436332441
longitude_no_abs,GRU_Att_1,20,0.1439558578139889,0.00037814010720586236,3.656104113366809e-07,0.0006046572676621699
longitude_no_abs,GRU_Att_1,2,0.9528214009693764,6.76990821841528e-05,1.967468344983458e-08,0.00014026647300703963
longitude_no_abs,GRU_Att_1,30,0.029191102685839687,0.00042418149270249717,4.1904774508127557e-07,0.0006473389723176534
longitude_no_abs,GRU_Att_1,3,0.9182307247134252,9.071660776457538e-05,3.415387825676062e-08,0.0001848076791065799
longitude_no_abs,GRU_Att_1,4,0.8772075836024498,0.00011330690058787165,5.137603183713191e-08,0.00022666281529428665
longitude_no_abs,GRU_Att_1,5,0.8458296127560481,0.0001270909391573608,6.461471397832458e-08,0.0002541942445814314
longitude_no_abs,GRU_Att_2,10,0.6472569009725458,0.00020499731541838504,1.4895121460156982e-07,0.00038594198346586994
longitude_no_abs,GRU_Att_2,20,0.24056207134572183,0.0003173690582168545,3.24350579364907e-07,0.0005695178481530732
longitude_no_abs,GRU_Att_2,2,0.9502185011922545,7.11465046349373e-05,2.0760159284614624e-08,0.0001440838619853543
longitude_no_abs,GRU_Att_2,30,-0.06233484698171887,0.00040425716123677126,4.585547406709557e-07,0.0006771667007989655
longitude_no_abs,GRU_Att_2,3,0.9130878202009253,9.613042202774137e-05,3.6301997265892905e-08,0.00019053083022412123
longitude_no_abs,GRU_Att_2,4,0.8781974828668114,0.0001151829425148283,5.096186052579665e-08,0.00022574733780445042
longitude_no_abs,GRU_Att_2,5,0.8402681372487857,0.00013057885693579734,6.694559707217446e-08,0.0002587384723464496
longitude_no_abs,GRU_Att_3,10,0.5675437889416822,0.0002285570373819343,1.8261130572568856e-07,0.0004273304409069035
longitude_no_abs,GRU_Att_3,20,0.041668169756258755,0.00034786567105441716,4.0929676097977984e-07,0.0006397630506521769
longitude_no_abs,GRU_Att_3,2,0.9449504751688955,7.70834118379246e-05,2.2957060984637553e-08,0.00015151587700514279
longitude_no_abs,GRU_Att_3,30,-0.24772995495034622,0.00042899820571349516,5.385801732337272e-07,0.0007338802172246689
longitude_no_abs,GRU_Att_3,3,0.9064485494521445,0.00010339946906081516,3.9075127443124196e-08,0.0001976742963643078
longitude_no_abs,GRU_Att_3,4,0.8692242492988385,0.00012323117561187312,5.471623841813851e-08,0.00023391502392565235
longitude_no_abs,GRU_Att_3,5,0.8230141809963044,0.00014406705142141842,7.41769433000626e-08,0.00027235444424510976
longitude_no_abs,GRU_Att_4,10,0.6156328822007693,0.00021424123054409992,1.62304944326194e-07,0.00040287087798225623
longitude_no_abs,GRU_Att_4,20,0.1747288127678841,0.00035265508752883726,3.5246749946532783e-07,0.0005936897333332688
longitude_no_abs,GRU_Att_4,2,0.9501431567930647,7.145492744603491e-05,2.0791579827704813e-08,0.00014419285636849287
longitude_no_abs,GRU_Att_4,30,-0.10168847363624334,0.0004312814512001107,4.75541655970118e-07,0.0006895952841849472
longitude_no_abs,GRU_Att_4,3,0.9083996832260518,0.00010019636480575441,3.826016625943829e-08,0.0001956020609795262
longitude_no_abs,GRU_Att_4,4,0.8699485299077965,0.00012040886279048369,5.441320127043413e-08,0.00023326637406714695
longitude_no_abs,GRU_Att_4,5,0.8191032918985319,0.00014274834008630623,7.581604523767173e-08,0.0002753471358806402
longitude_no_abs,GRU_Linear,10,0.47765126645871525,0.0003059587027174346,2.2056980992989052e-07,0.0004696486026061299
longitude_no_abs,GRU_Linear,20,-0.02901102437792802,0.0004494963171661692,4.394833459546585e-07,0.0006629354010419556
longitude_no_abs,GRU_Linear,2,0.955869150782466,9.203095398449868e-05,1.8403693763008386e-08,0.00013566021437034657
longitude_no_abs,GRU_Linear,30,-0.24988630060612604,0.0005085498463906718,5.395109555814892e-07,0.0007345140948827934
longitude_no_abs,GRU_Linear,3,0.898073236898081,0.00013568093202944616,4.2573377908611274e-08,0.00020633317209942583
longitude_no_abs,GRU_Linear,4,0.8218516772774436,0.00018219761493210655,7.453680095596123e-08,0.0002730142870912825
longitude_no_abs,GRU_Linear,5,0.775450356521257,0.0001981440568169316,9.411152976060862e-08,0.000306776025400631
longitude_no_abs,GRU_Reference,10,0.48041680670580955,0.0003042221355275061,2.1940201790229322e-07,0.0004684036911706538
longitude_no_abs,GRU_Reference,20,0.0009350032712791556,0.00044203360200386417,4.266936088988476e-07,0.0006532178877670509
longitude_no_abs,GRU_Reference,2,0.9559499297113639,9.427572984178011e-05,1.8370006881919535e-08,0.00013553599847243364
longitude_no_abs,GRU_Reference,30,-0.2534778716784305,0.0005087732095644439,5.410612501485375e-07,0.0007355686576714219
longitude_no_abs,GRU_Reference,3,0.8876941540274762,0.00014662585644221283,4.6908575102631985e-08,0.00021658387544466921
longitude_no_abs,GRU_Reference,4,0.8341559056816537,0.00017192701556044152,6.938874337413606e-08,0.00026341743179625766
longitude_no_abs,GRU_Reference,5,0.7755087441148201,0.00019924790449296563,9.408705879880199e-08,0.00030673613872317357
longitude_no_abs,GRU_Third,10,0.4642633039879125,0.0003128834380749225,2.2622308359155644e-07,0.00047562914501905415
longitude_no_abs,GRU_Third,20,-0.015956442434610363,0.0004489802816310894,4.339078261433359e-07,0.0006587168026878743
longitude_no_abs,GRU_Third,2,0.9682250832704306,8.405095074571479e-05,1.3250953634577836e-08,0.0001151127865815863
longitude_no_abs,GRU_Third,30,-0.24289118494120698,0.0005078555188751468,5.36491527706367e-07,0.0007324558196276188
longitude_no_abs,GRU_Third,3,0.8936074862359564,0.00014452800915687867,4.4438659261597575e-08,0.000210804789465509
longitude_no_abs,GRU_Third,4,0.8175484941690805,0.00018580155640706333,7.633724172308894e-08,0.0002762919501597702
longitude_no_abs,GRU_Third,5,0.7641422399909268,0.0002056761726505017,9.885090110359341e-08,0.00031440563147563596
longitude_no_abs,GRU_Twice,10,0.4697436694928899,0.0003068782338985267,2.2390891472283137e-07,0.00047319014647690137
longitude_no_abs,GRU_Twice,20,0.011538414248740136,0.0004356565955599186,4.2216496690716046e-07,0.0006497422311248981
longitude_no_abs,GRU_Twice,2,0.963168302776135,8.895218368483031e-05,1.535976054162449e-08,0.00012393450101414252
longitude_no_abs,GRU_Twice,30,-0.2298421259168133,0.000506136307895308,5.308589271247974e-07,0.000728600663686767
longitude_no_abs,GRU_Twice,3,0.8972139257927851,0.00014069813935572943,4.2932300092672465e-08,0.0002072011102592659
longitude_no_abs,GRU_Twice,4,0.832984172838591,0.00017391252123567756,6.987899338806932e-08,0.00026434635119113964
longitude_no_abs,GRU_Twice,5,0.7664985235750287,0.0002046610714551554,9.786335354299962e-08,0.00031283119016971376
longitude_no_abs,LSTM_Linear,10,0.4726035166604652,0.00030766413337914516,2.2270130014338344e-07,0.0004719123860881206
longitude_no_abs,LSTM_Linear,20,-0.020015625111017066,0.00044523568991405713,4.356414744155173e-07,0.0006600314192638994
longitude_no_abs,LSTM_Linear,2,0.9593338589088131,9.356147884085525e-05,1.6958821786464512e-08,0.00013022604112259773
longitude_no_abs,LSTM_Linear,30,-0.21181340015165784,0.0004956660490378472,5.230768632196577e-07,0.0007232405292982811
longitude_no_abs,LSTM_Linear,3,0.8949827372247738,0.0001411135622133819,4.386423623192113e-08,0.00020943790543242436
longitude_no_abs,LSTM_Linear,4,0.837422501615541,0.00016981999307878325,6.802200802009681e-08,0.0002608102912465243
longitude_no_abs,LSTM_Linear,5,0.7644907718032137,0.00020950689773624633,9.870482711515859e-08,0.00031417324379259066
longitude_no_abs,LSTM_Reference,10,0.4779542737791802,0.00030494954441094053,2.2044186041495782e-07,0.0004695123644963547
longitude_no_abs,LSTM_Reference,20,0.01308028313865195,0.00043561730145318936,4.215064455864861e-07,0.0006492352775277127
longitude_no_abs,LSTM_Reference,2,0.9606813961652273,9.301131220729956e-05,1.6396864256958427e-08,0.00012805024114369496
longitude_no_abs,LSTM_Reference,30,-0.2357573998777358,0.0005050746126715618,5.334122434589599e-07,0.0007303507674117691
longitude_no_abs,LSTM_Reference,3,0.8851293713710107,0.00014800639805100435,4.797984880900855e-08,0.00021904302958325003
longitude_no_abs,LSTM_Reference,4,0.8198266751162935,0.00018604567108226178,7.53840566624104e-08,0.00027456157171463455
longitude_no_abs,LSTM_Reference,5,0.7729030864456042,0.00020045171792696615,9.517912211933707e-08,0.00030851113775573334
longitude_no_abs,LSTM_Third,10,0.47708282087974563,0.00030681211767418854,2.2080984484384312e-07,0.00046990408047158214
longitude_no_abs,LSTM_Third,20,-0.006584194578308722,0.0004456099237156232,4.29905005231389e-07,0.0006556714155973166
longitude_no_abs,LSTM_Third,2,0.9688867300828897,8.36866149582757e-05,1.2975029977279805e-08,0.00011390798908452298
longitude_no_abs,LSTM_Third,30,-0.2214332874708278,0.0005044758059915362,5.272292686005588e-07,0.0007261055492148224
longitude_no_abs,LSTM_Third,3,0.9000758778813811,0.00014820623576662157,4.173690288671683e-08,0.00020429611569170087
longitude_no_abs,LSTM_Third,4,0.8368408044239477,0.00017610034713608837,6.826538863195895e-08,0.0002612764601565915
longitude_no_abs,LSTM_Third,5,0.7618143089579186,0.0002152412396942143,9.982656575974473e-08,0.0003159534234024767
longitude_no_abs,LSTM_Twice,10,0.48839519591970026,0.0003032654679328871,2.1603301999064143e-07,0.00046479352404120417
longitude_no_abs,LSTM_Twice,20,0.011046227543764386,0.00044154446968181166,4.2237517637509877e-07,0.0006499039747340362
longitude_no_abs,LSTM_Twice,2,0.5948759434641525,0.00024571358618097843,1.6894710173741945e-07,0.00041103175271190356
longitude_no_abs,LSTM_Twice,30,-0.1974628268460541,0.000498041258747551,5.16882466566543e-07,0.0007189453849678312
longitude_no_abs,LSTM_Twice,3,0.8072380568743076,0.00017316874629081495,8.051395728992621e-08,0.0002837498146077389
longitude_no_abs,LSTM_Twice,4,0.8321902178241929,0.00017919834824714728,7.02111821281696e-08,0.00026497392726109793
longitude_no_abs,LSTM_Twice,5,0.7760624450508353,0.00020726003952468064,9.385499589586885e-08,0.00030635762744849176
longitude_no_abs,RNN_Linear,10,0.47235232982582764,0.00031180028007332417,2.2280736765884822e-07,0.0004720247532268284
longitude_no_abs,RNN_Linear,20,-0.012932355583967325,0.0004452976890571171,4.326162599928357e-07,0.0006577357067947852
longitude_no_abs,RNN_Linear,2,0.7269103100171292,0.0002485124744737491,1.1388539113547782e-07,0.0003374690965636377
longitude_no_abs,RNN_Linear,30,-0.26594498453595206,0.0005134438343052733,5.464426548153795e-07,0.0007392175963918741
longitude_no_abs,RNN_Linear,3,0.5026791781997064,0.00024479367125359203,2.0772392494357946e-07,0.00045576740223888265
longitude_no_abs,RNN_Linear,4,0.7787112266446937,0.00021392661672903757,9.2586654767785e-08,0.00030428055272689543
longitude_no_abs,RNN_Linear,5,0.7633325593667805,0.00021138631232341175,9.919024825630062e-08,0.00031494483367139174
longitude_no_abs,RNN_Reference,10,0.47317951221465326,0.00030911922196559153,2.2245807713593707e-07,0.0004716546163623728
longitude_no_abs,RNN_Reference,20,-0.00856509148214979,0.0004446164444033471,4.307510323182393e-07,0.0006563162593736645
longitude_no_abs,RNN_Reference,2,0.7292244725210015,0.00026059454951912373,1.1292032613459445e-07,0.00033603619765524434
longitude_no_abs,RNN_Reference,30,-0.26432998303771393,0.0005123774917270363,5.45745542605127e-07,0.0007387459256098317
longitude_no_abs,RNN_Reference,3,0.8088238240609444,0.00020626657153953465,7.985160460004186e-08,0.0002825802622265785
longitude_no_abs,RNN_Reference,4,0.7994917010147605,0.00020034075581471905,8.38921576306755e-08,0.0002896414294100129
longitude_no_abs,RNN_Reference,5,0.7377799177887598,0.00022564395488529609,1.098996760294946e-07,0.00033151120045858874
longitude_no_abs,RNN_Third,10,0.47527691572331066,0.0003088498431585815,2.2157241615210644e-07,0.00047071479279082193
longitude_no_abs,RNN_Third,20,-0.04706423239936908,0.0004611725584814849,4.4719374368462925e-07,0.0006687254621177732
longitude_no_abs,RNN_Third,2,0.9184537821521149,0.00013443260550086538,3.400686022166483e-08,0.00018440949059542688
longitude_no_abs,RNN_Third,30,-0.2572308485601944,0.0005152164499626361,5.42681215214779e-07,0.0007366689997650092
longitude_no_abs,RNN_Third,3,0.8938159748241817,0.00015235898790711273,4.435157650544968e-08,0.0002105981398432799
longitude_no_abs,RNN_Third,4,0.8139194334478196,0.00019400027865897632,7.785563141379057e-08,0.0002790262199396153
longitude_no_abs,RNN_Third,5,0.747155719462463,0.00022680500385820285,1.0597016171553484e-07,0.00032553058491566477
longitude_no_abs,RNN_Twice,10,0.386422812038168,0.0003554023074170521,2.59092432001391e-07,0.0005090112297399645
longitude_no_abs,RNN_Twice,20,-0.015132965454840885,0.00045137580000073017,4.3355612493721474e-07,0.0006584497892301392
longitude_no_abs,RNN_Twice,2,0.4113282415781835,0.00039284660388635306,2.4549119178568456e-07,0.0004954706770190186
longitude_no_abs,RNN_Twice,30,-0.24878626347532684,0.0005110666341914366,5.390361267243965e-07,0.0007341907972212648
longitude_no_abs,RNN_Twice,3,0.45347406414132374,0.00036211550730544064,2.2827621025209238e-07,0.0004777825972679335
longitude_no_abs,RNN_Twice,4,0.2843957496267785,0.0004137994001437426,2.994069815429988e-07,0.0005471809404054556
longitude_no_abs,RNN_Twice,5,0.4281844135373234,0.00037102196029926315,2.396549767314879e-07,0.0004895456840086407
longitude_no_abs,UniTS,10,0.6948944726031381,0.00020932284626710233,1.2686694929393972e-07,0.0003561838700642404
longitude_no_abs,UniTS,20,0.4251585123247842,0.0002956155468919022,2.390473362376865e-07,0.0004889246733779003
longitude_no_abs,UniTS,2,0.9398549302479285,8.965793255828894e-05,2.500713761919519e-08,0.00015813645253133507
longitude_no_abs,UniTS,30,0.23315200279722514,0.00034998964332763643,3.189127157696516e-07,0.0005647235746536987
longitude_no_abs,UniTS,3,0.9116288596246339,0.00010982058082036948,3.674344756559953e-08,0.00019168580428816196
longitude_no_abs,UniTS,4,0.8816464484853571,0.0001278144338701698,4.921015469419736e-08,0.0002218336193957024
longitude_no_abs,UniTS,5,0.8506166996037466,0.00014412375433735418,6.211246081504932e-08,0.00024922371639763606
speed,GRU_Att_1,10,0.6499218672448814,5.719837959888431,101.8775375215832,10.09344032139603
speed,GRU_Att_1,20,0.4422081806627216,7.683702323690807,162.87060835986722,12.762076961054076
speed,GRU_Att_1,2,0.9103405142611622,2.681846669152618,26.064904258172565,5.105379932793696
speed,GRU_Att_1,30,0.3361758081672396,8.677446044407612,194.61412479712698,13.950416653173015
speed,GRU_Att_1,3,0.8286140048664506,3.7389005240750026,49.814524645290696,7.057940538520476
speed,GRU_Att_1,4,0.7722934245427792,4.2851855743216625,66.18671035696462,8.13552151720863
speed,GRU_Att_1,5,0.7570993531211497,4.445530536046187,70.60716877477508,8.402807196096735
speed,GRU_Att_2,10,0.5839314807348372,6.214658653207597,121.08164497277195,11.003710509313299
speed,GRU_Att_2,20,0.3895004089335733,8.06139285956236,178.26084276133054,13.351435981246757
speed,GRU_Att_2,2,0.9138063042757845,2.6557082016760543,25.057364630149355,5.005733176084134
speed,GRU_Att_2,30,0.27707882002157813,9.092074311958285,211.93965882799822,14.558147506739935
speed,GRU_Att_2,3,0.8345760011813979,3.6887833528345606,48.08162918825731,6.934091807025438
speed,GRU_Att_2,4,0.7715140215985379,4.349293425441937,66.41325680964513,8.149432913377785
speed,GRU_Att_2,5,0.7118672109664264,4.879068375084297,83.75539845716071,9.151797553331297
speed,GRU_Att_3,10,0.49888676518029074,6.885733829193784,145.8308234825342,12.076043370348344
speed,GRU_Att_3,20,0.3412198392228569,8.416005013210487,192.3583707065917,13.869332020922698
speed,GRU_Att_3,2,0.9140012629106377,2.669689059852544,25.000688215937565,5.000068821120122
speed,GRU_Att_3,30,0.17850091815154845,9.7370737939846,240.83985911115715,15.519016048421276
speed,GRU_Att_3,3,0.8387451700117549,3.7019432399568677,46.869831437289626,6.846154499957595
speed,GRU_Att_3,4,0.7640124653735189,4.484456673058233,68.59370912242915,8.282131918922152
speed,GRU_Att_3,5,0.6911159182063449,5.166506900011513,89.78745332828923,9.47562416563095
speed,GRU_Att_4,10,0.48001428110013256,6.9624425554522515,151.3229751627042,12.301340380735109
speed,GRU_Att_4,20,0.362978546305716,8.261615066729897,186.00500779080008,13.638365290268482
speed,GRU_Att_4,2,0.9097106022030932,2.7239482137132915,26.24802595856312,5.123282732639603
speed,GRU_Att_4,30,0.20690105016098825,9.546699126351047,232.5137587623882,15.248401842894493
speed,GRU_Att_4,3,0.8284001938191952,3.79189011140281,49.87667030471078,7.06234170121432
speed,GRU_Att_4,4,0.7478664075321783,4.612014394158283,73.2868298705051,8.560772737931144
speed,GRU_Att_4,5,0.6754430079281062,5.263394575390233,94.34330707107259,9.713048289341126
speed,GRU_Linear,10,0.6263112974872745,6.881345735223802,108.74853711089243,10.428256666907103
speed,GRU_Linear,20,0.5509119381071672,8.015274038165073,131.1300082072592,11.451201168753398
speed,GRU_Linear,2,0.9434576621158108,2.4989461231839627,16.43741999343457,4.054308818212368
speed,GRU_Linear,30,0.5221140610453321,8.522763931009639,140.1023869072048,11.83648541194576
speed,GRU_Linear,3,0.8902775845014513,3.4844754485118434,31.89157881152529,5.647262948679235
speed,GRU_Linear,4,0.8325394503068817,4.320366124346612,48.67519910877052,6.976761362463999
speed,GRU_Linear,5,0.7861414793335257,4.91989029234995,62.165106831324145,7.8844851976095525
speed,GRU_Reference,10,-1.636579724784569,21.843953380262985,767.2808573515739,27.69983496975341
speed,GRU_Reference,20,-1.6620227622802113,22.049684980692366,777.2886796287514,27.879897410656866
speed,GRU_Reference,2,-1.6048768534231335,21.62103925807443,757.2636094140939,27.518423090978413
speed,GRU_Reference,30,-1.6828813462905483,22.23217997859042,786.5435028833869,28.045382915613523
speed,GRU_Reference,3,-1.6101867050018104,21.654566288113426,758.668815639242,27.543943356738918
speed,GRU_Reference,4,-1.614375809533625,21.682957479249296,759.9118915315001,27.566499442829155
speed,GRU_Reference,5,-1.6187450620839257,21.712742314456303,761.2255337833285,27.590315942071566
speed,GRU_Third,10,-1.636579724784569,21.843953380262985,767.2808573515739,27.69983496975341
speed,GRU_Third,20,-1.6620227622802113,22.049684980692366,777.2886796287514,27.879897410656866
speed,GRU_Third,2,-1.6048768670871225,21.62104154397189,757.2636133863515,27.518423163152924
speed,GRU_Third,30,-1.6828813462905483,22.23217997859042,786.5435028833869,28.045382915613523
speed,GRU_Third,3,-1.6101868064765519,21.6545851021766,758.6688451335773,27.54394389214401
speed,GRU_Third,4,-1.6143758097558618,21.68295750006567,759.911891596097,27.56649944400081
speed,GRU_Third,5,-1.6187450633576996,21.71274240478971,761.2255341535932,27.590315948781615
speed,GRU_Twice,10,-1.636579724784569,21.843953380262985,767.2808573515739,27.69983496975341
speed,GRU_Twice,20,-1.6620227622802113,22.049684980692366,777.2886796287514,27.879897410656866
speed,GRU_Twice,2,-1.6048768735011483,21.621042801666896,757.2636152509725,27.51842319703243
speed,GRU_Twice,30,-1.6828813462905483,22.23217997859042,786.5435028833869,28.045382915613523
speed,GRU_Twice,3,-1.6101868548555784,21.654586037186707,758.668859195276,27.543944147403362
speed,GRU_Twice,4,-1.6143758097721426,21.68295750308634,759.9118916008292,27.566499444086645
speed,GRU_Twice,5,-1.6187450624763717,21.71274233656266,761.225533897406,27.590315944138915
speed,LSTM_Linear,10,0.6313717608530154,6.743381846991634,107.2758728734478,10.357406667378074
speed,LSTM_Linear,20,0.5536980030582586,7.884748557531371,130.31650023209122,11.415625266803882
speed,LSTM_Linear,2,0.9444317397185429,2.4507761392525143,16.15424594613749,4.019234497530281
speed,LSTM_Linear,30,0.5183660805600034,8.423594642563623,141.2011867865751,11.88281055923114
speed,LSTM_Linear,3,0.8919392383153865,3.4050335117613697,31.408607639921012,5.604338287427073
speed,LSTM_Linear,4,0.8381422883995251,4.205379136613171,47.046640858881844,6.859055391151309
speed,LSTM_Linear,5,0.7869974519853651,4.851953020971429,61.91628985091836,7.868690478784787
speed,LSTM_Reference,10,-1.636579724784569,21.843953380262985,767.2808573515739,27.69983496975341
speed,LSTM_Reference,20,-1.6620227622802113,22.049684980692366,777.2886796287514,27.879897410656866
speed,LSTM_Reference,2,-1.6048768678138723,21.62104169803544,757.2636135976248,27.51842316699169
speed,LSTM_Reference,30,-1.6828813462905483,22.23217997859042,786.5435028833869,28.045382915613523
speed,LSTM_Reference,3,-1.6101867676708905,21.654576979046833,758.6688338544435,27.543943687396027
speed,LSTM_Reference,4,-1.6143758077114807,21.68295722222952,759.9118910018635,27.566499433222628
speed,LSTM_Reference,5,-1.6187450629832822,21.712742354063522,761.2255340447564,27.59031594680924
speed,LSTM_Third,10,-1.636579724784569,21.843953380262985,767.2808573515739,27.69983496975341
speed,LSTM_Third,20,-1.6620227622802113,22.049684980692366,777.2886796287514,27.879897410656866
speed,LSTM_Third,2,-1.6048768743236956,21.621042923674757,757.2636154900952,27.518423201377203
speed,LSTM_Third,30,-1.6828813462905483,22.23217997859042,786.5435028833869,28.045382915613523
speed,LSTM_Third,3,-1.6101868044399215,21.6545845120924,758.6688445416165,27.543943881398256
speed,LSTM_Third,4,-1.6143758077843287,21.682957277717946,759.911891023038,27.56649943360669
speed,LSTM_Third,5,-1.6187450633613203,21.712742405052882,761.2255341546457,27.59031594880069
speed,LSTM_Twice,10,-1.636579724784569,21.843953380262985,767.2808573515739,27.69983496975341
speed,LSTM_Twice,20,-1.6620227622802113,22.049684980692366,777.2886796287514,27.879897410656866
speed,LSTM_Twice,2,-1.6053930937569603,21.63048737751784,757.4136856136674,27.52114978727574
speed,LSTM_Twice,30,-1.6828813462905483,22.23217997859042,786.5435028833869,28.045382915613523
speed,LSTM_Twice,3,-1.6101868097081926,21.654585666499514,758.668846072876,27.543943909194923
speed,LSTM_Twice,4,-1.6143758097432221,21.682957498489664,759.911891592423,27.566499443934173
speed,LSTM_Twice,5,-1.6187450633518194,21.71274240459233,761.2255341518841,27.590315948750643
speed,RNN_Linear,10,0.6411814298582341,6.724657476690132,104.42112466541688,10.218665503157293
speed,RNN_Linear,20,0.5625272275671642,7.867954977372805,127.7384395340698,11.30214313898341
speed,RNN_Linear,2,0.9435180858755055,2.5560560154128944,16.41985420551618,4.0521419281061934
speed,RNN_Linear,30,0.5259301451871992,8.4114294396906,138.98362099816006,11.78913147768571
speed,RNN_Linear,3,0.8926988434235112,3.4943222213045186,31.187823162461903,5.58460590932448
speed,RNN_Linear,4,0.8384638007967918,4.26757643298048,46.95318792336014,6.85223962827922
speed,RNN_Linear,5,0.7933682477159989,4.884263012780234,60.064405736312295,7.750122949754558
speed,RNN_Reference,10,-1.636579724784569,21.843953380262985,767.2808573515739,27.69983496975341
speed,RNN_Reference,20,-1.6620227622802113,22.049684980692366,777.2886796287514,27.879897410656866
speed,RNN_Reference,2,-1.604880807764359,21.621326441491835,757.264758980418,27.518443978183395
speed,RNN_Reference,30,-1.6828813462905483,22.23217997859042,786.5435028833869,28.045382915613523
speed,RNN_Reference,3,-1.6101868068792933,21.654585166284836,758.6688452506369,27.54394389426897
speed,RNN_Reference,4,-1.614375809585908,21.682957477016625,759.9118915466971,27.5664994431048
speed,RNN_Reference,5,-1.6187450633617733,21.712742405381846,761.2255341547774,27.590315948803077
speed,RNN_Third,10,-1.636579724784569,21.843953380262985,767.2808573515739,27.69983496975341
speed,RNN_Third,20,-1.6620227622802113,22.049684980692366,777.2886796287514,27.879897410656866
speed,RNN_Third,2,-1.604876874311536,21.621042920861708,757.2636154865602,27.518423201312974
speed,RNN_Third,30,-1.6828813462905483,22.23217997859042,786.5435028833869,28.045382915613523
speed,RNN_Third,3,-1.6101868101389285,21.654585729427843,758.6688461980725,27.54394391146759
speed,RNN_Third,4,-1.6143758097504435,21.682957499409,759.911891594522,27.566499443972244
speed,RNN_Third,5,-1.618745080892893,21.712744951428522,761.2255392507816,27.590316041154395
speed,RNN_Twice,10,-1.636579724784569,21.843953380262985,767.2808573515739,27.69983496975341
speed,RNN_Twice,20,-1.6620227622802113,22.049684980692366,777.2886796287514,27.879897410656866
speed,RNN_Twice,2,-1.6048768833205642,21.621044230303745,757.2636181055744,27.518423248899534
speed,RNN_Twice,30,-1.6828813462905483,22.23217997859042,786.5435028833869,28.045382915613523
speed,RNN_Twice,3,-1.610186972550101,21.654593600319885,758.6688934040028,27.54394476838789
speed,RNN_Twice,4,-1.6143758097599274,21.68295750045967,759.9118915972788,27.566499444022245
speed,RNN_Twice,5,-1.6187450633522698,21.712742404329163,761.2255341520149,27.590315948753013
speed,UniTS,10,0.7309674913738242,5.6712417261273345,78.27033109925718,8.847052113515392
speed,UniTS,20,0.6182083122220401,6.982803922127619,111.08583604916795,10.539726564250515
speed,UniTS,2,0.9350772489721912,2.7439965084830997,18.887393389232788,4.345962884014633
speed,UniTS,30,0.56542282355314,7.614049115705337,126.45738595362619,11.24532729419763
speed,UniTS,3,0.9057174955824171,3.2973807457490265,27.428749586742835,5.237246374455076
speed,UniTS,4,0.8757716508260949,3.780636929354823,36.14062934967274,6.011707689972354
speed,UniTS,5,0.8466100257825105,4.20509291996827,44.62451370601787,6.680158209654759
time,GRU_Att_1,10,-1.1189469427765224,0.22862756751363575,0.1230804949813756,0.35082829843297364
time,GRU_Att_1,20,-0.9916968075216843,0.22612511874067037,0.11568356171800784,0.3401228626805435
time,GRU_Att_1,2,-1.0012025948361534,0.23747039863736114,0.11645863591339381,0.34126036381829317
time,GRU_Att_1,30,-0.8431394865762909,0.210403686795324,0.10724835705886418,0.32748794948648746
time,GRU_Att_1,3,-1.1476714720152668,0.24413821810509184,0.12493188389889191,0.35345704675234857
time,GRU_Att_1,4,-0.7627878134955683,0.19538998448123945,0.10248769934702835,0.3201370009027828
time,GRU_Att_1,5,-1.0289307088855884,0.22296433771453056,0.11787785922851403,0.34333345195088993
time,GRU_Att_2,10,-1.1189469427765224,0.22862756751363575,0.1230804949813756,0.35082829843297364
time,GRU_Att_2,20,-0.9916968075216843,0.22612511874067037,0.11568356171800784,0.3401228626805435
time,GRU_Att_2,2,-1.0012025948361534,0.23747039863736114,0.11645863591339381,0.34126036381829317
time,GRU_Att_2,30,-0.8431394865762909,0.210403686795324,0.10724835705886418,0.32748794948648746
time,GRU_Att_2,3,-1.1476714720152668,0.24413821810509184,0.12493188389889191,0.35345704675234857
time,GRU_Att_2,4,-0.7627878134955683,0.19538998448123945,0.10248769934702835,0.3201370009027828
time,GRU_Att_2,5,-1.0289307088855884,0.22296433771453056,0.11787785922851403,0.34333345195088993
time,GRU_Att_3,10,-1.1189469427765224,0.22862756751363575,0.1230804949813756,0.35082829843297364
time,GRU_Att_3,20,-0.9916968075216843,0.22612511874067037,0.11568356171800784,0.3401228626805435
time,GRU_Att_3,2,-1.0012025948361534,0.23747039863736114,0.11645863591339381,0.34126036381829317
time,GRU_Att_3,30,-0.8431394865762909,0.210403686795324,0.10724835705886418,0.32748794948648746
time,GRU_Att_3,3,-1.1476714720152668,0.24413821810509184,0.12493188389889191,0.35345704675234857
time,GRU_Att_3,4,-0.7627878134955683,0.19538998448123945,0.10248769934702835,0.3201370009027828
time,GRU_Att_3,5,-1.0289307088855884,0.22296433771453056,0.11787785922851403,0.34333345195088993
time,GRU_Att_4,10,-1.1189469427765224,0.22862756751363575,0.1230804949813756,0.35082829843297364
time,GRU_Att_4,20,-0.9916968075216843,0.22612511874067037,0.11568356171800784,0.3401228626805435
time,GRU_Att_4,2,-1.0012025948361534,0.23747039863736114,0.11645863591339381,0.34126036381829317
time,GRU_Att_4,30,-0.8431394865762909,0.210403686795324,0.10724835705886418,0.32748794948648746
time,GRU_Att_4,3,-1.1476714720152668,0.24413821810509184,0.12493188389889191,0.35345704675234857
time,GRU_Att_4,4,-0.7627878134955683,0.19538998448123945,0.10248769934702835,0.3201370009027828
time,GRU_Att_4,5,-1.0289307088855884,0.22296433771453056,0.11787785922851403,0.34333345195088993
time,GRU_Linear,10,-1.1189469427765224,0.22862756751363575,0.1230804949813756,0.35082829843297364
time,GRU_Linear,20,-0.9916968075216843,0.22612511874067037,0.11568356171800784,0.3401228626805435
time,GRU_Linear,2,-1.0012025948361534,0.23747039863736114,0.11645863591339381,0.34126036381829317
time,GRU_Linear,30,-0.8431394865762909,0.210403686795324,0.10724835705886418,0.32748794948648746
time,GRU_Linear,3,-1.1476714720152668,0.24413821810509184,0.12493188389889191,0.35345704675234857
time,GRU_Linear,4,-0.7627878134955683,0.19538998448123945,0.10248769934702835,0.3201370009027828
time,GRU_Linear,5,-1.0289307088855884,0.22296433771453056,0.11787785922851403,0.34333345195088993
time,GRU_Reference,10,-1.1189469427765224,0.22862756751363575,0.1230804949813756,0.35082829843297364
time,GRU_Reference,20,-0.9916968075216843,0.22612511874067037,0.11568356171800784,0.3401228626805435
time,GRU_Reference,2,-1.0012025948361534,0.23747039863736114,0.11645863591339381,0.34126036381829317
time,GRU_Reference,30,-0.8431394865762909,0.210403686795324,0.10724835705886418,0.32748794948648746
time,GRU_Reference,3,-1.1476714720152668,0.24413821810509184,0.12493188389889191,0.35345704675234857
time,GRU_Reference,4,-0.7627878134955683,0.19538998448123945,0.10248769934702835,0.3201370009027828
time,GRU_Reference,5,-1.0289307088855884,0.22296433771453056,0.11787785922851403,0.34333345195088993
time,GRU_Third,10,-1.1189469427765224,0.22862756751363575,0.1230804949813756,0.35082829843297364
time,GRU_Third,20,-0.9916968075216843,0.22612511874067037,0.11568356171800784,0.3401228626805435
time,GRU_Third,2,-1.0012025948361534,0.23747039863736114,0.11645863591339381,0.34126036381829317
time,GRU_Third,30,-0.8431394865762909,0.210403686795324,0.10724835705886418,0.32748794948648746
time,GRU_Third,3,-1.1476714720152668,0.24413821810509184,0.12493188389889191,0.35345704675234857
time,GRU_Third,4,-0.7627878134955683,0.19538998448123945,0.10248769934702835,0.3201370009027828
time,GRU_Third,5,-1.0289307088855884,0.22296433771453056,0.11787785922851403,0.34333345195088993
time,GRU_Twice,10,-1.1189469427765224,0.22862756751363575,0.1230804949813756,0.35082829843297364
time,GRU_Twice,20,-0.9916968075216843,0.22612511874067037,0.11568356171800784,0.3401228626805435
time,GRU_Twice,2,-1.0012025948361534,0.23747039863736114,0.11645863591339381,0.34126036381829317
time,GRU_Twice,30,-0.8431394865762909,0.210403686795324,0.10724835705886418,0.32748794948648746
time,GRU_Twice,3,-1.1476714720152668,0.24413821810509184,0.12493188389889191,0.35345704675234857
time,GRU_Twice,4,-0.7627878134955683,0.19538998448123945,0.10248769934702835,0.3201370009027828
time,GRU_Twice,5,-1.0289307088855884,0.22296433771453056,0.11787785922851403,0.34333345195088993
time,LSTM_Linear,10,-1.1189469427765224,0.22862756751363575,0.1230804949813756,0.35082829843297364
time,LSTM_Linear,20,-0.9916968075216843,0.22612511874067037,0.11568356171800784,0.3401228626805435
time,LSTM_Linear,2,-1.0012025948361534,0.23747039863736114,0.11645863591339381,0.34126036381829317
time,LSTM_Linear,30,-0.8431394865762909,0.210403686795324,0.10724835705886418,0.32748794948648746
time,LSTM_Linear,3,-1.1476714720152668,0.24413821810509184,0.12493188389889191,0.35345704675234857
time,LSTM_Linear,4,-0.7627878134955683,0.19538998448123945,0.10248769934702835,0.3201370009027828
time,LSTM_Linear,5,-1.0289307088855884,0.22296433771453056,0.11787785922851403,0.34333345195088993
time,LSTM_Reference,10,-1.1189469427765224,0.22862756751363575,0.1230804949813756,0.35082829843297364
time,LSTM_Reference,20,-0.9916968075216843,0.22612511874067037,0.11568356171800784,0.3401228626805435
time,LSTM_Reference,2,-1.0012025948361534,0.23747039863736114,0.11645863591339381,0.34126036381829317
time,LSTM_Reference,30,-0.8431394865762909,0.210403686795324,0.10724835705886418,0.32748794948648746
time,LSTM_Reference,3,-1.1476714720152668,0.24413821810509184,0.12493188389889191,0.35345704675234857
time,LSTM_Reference,4,-0.7627878134955683,0.19538998448123945,0.10248769934702835,0.3201370009027828
time,LSTM_Reference,5,-1.0289307088855884,0.22296433771453056,0.11787785922851403,0.34333345195088993
time,LSTM_Third,10,-1.1189469427765224,0.22862756751363575,0.1230804949813756,0.35082829843297364
time,LSTM_Third,20,-0.9916968075216843,0.22612511874067037,0.11568356171800784,0.3401228626805435
time,LSTM_Third,2,-1.0012025948361534,0.23747039863736114,0.11645863591339381,0.34126036381829317
time,LSTM_Third,30,-0.8431394865762909,0.210403686795324,0.10724835705886418,0.32748794948648746
time,LSTM_Third,3,-1.1476714720152668,0.24413821810509184,0.12493188389889191,0.35345704675234857
time,LSTM_Third,4,-0.7627878134955683,0.19538998448123945,0.10248769934702835,0.3201370009027828
time,LSTM_Third,5,-1.0289307088855884,0.22296433771453056,0.11787785922851403,0.34333345195088993
time,LSTM_Twice,10,-1.1189469427765224,0.22862756751363575,0.1230804949813756,0.35082829843297364
time,LSTM_Twice,20,-0.9916968075216843,0.22612511874067037,0.11568356171800784,0.3401228626805435
time,LSTM_Twice,2,-1.0012025948361534,0.23747039863736114,0.11645863591339381,0.34126036381829317
time,LSTM_Twice,30,-0.8431394865762909,0.210403686795324,0.10724835705886418,0.32748794948648746
time,LSTM_Twice,3,-1.1476714720152668,0.24413821810509184,0.12493188389889191,0.35345704675234857
time,LSTM_Twice,4,-0.7627878134955683,0.19538998448123945,0.10248769934702835,0.3201370009027828
time,LSTM_Twice,5,-1.0289307088855884,0.22296433771453056,0.11787785922851403,0.34333345195088993
time,RNN_Linear,10,-1.1189469427765224,0.22862756751363575,0.1230804949813756,0.35082829843297364
time,RNN_Linear,20,-0.9916968075216843,0.22612511874067037,0.11568356171800784,0.3401228626805435
time,RNN_Linear,2,-1.0012025948361534,0.23747039863736114,0.11645863591339381,0.34126036381829317
time,RNN_Linear,30,-0.8431394865762909,0.210403686795324,0.10724835705886418,0.32748794948648746
time,RNN_Linear,3,-1.1476714720152668,0.24413821810509184,0.12493188389889191,0.35345704675234857
time,RNN_Linear,4,-0.7627878134955683,0.19538998448123945,0.10248769934702835,0.3201370009027828
time,RNN_Linear,5,-1.0289307088855884,0.22296433771453056,0.11787785922851403,0.34333345195088993
time,RNN_Reference,10,-1.1189469427765224,0.22862756751363575,0.1230804949813756,0.35082829843297364
time,RNN_Reference,20,-0.9916968075216843,0.22612511874067037,0.11568356171800784,0.3401228626805435
time,RNN_Reference,2,-1.0012025948361534,0.23747039863736114,0.11645863591339381,0.34126036381829317
time,RNN_Reference,30,-0.8431394865762909,0.210403686795324,0.10724835705886418,0.32748794948648746
time,RNN_Reference,3,-1.1476714720152668,0.24413821810509184,0.12493188389889191,0.35345704675234857
time,RNN_Reference,4,-0.7627878134955683,0.19538998448123945,0.10248769934702835,0.3201370009027828
time,RNN_Reference,5,-1.0289307088855884,0.22296433771453056,0.11787785922851403,0.34333345195088993
time,RNN_Third,10,-1.1189469427765224,0.22862756751363575,0.1230804949813756,0.35082829843297364
time,RNN_Third,20,-0.9916968075216843,0.22612511874067037,0.11568356171800784,0.3401228626805435
time,RNN_Third,2,-1.0012025948361534,0.23747039863736114,0.11645863591339381,0.34126036381829317
time,RNN_Third,30,-0.8431394865762909,0.210403686795324,0.10724835705886418,0.32748794948648746
time,RNN_Third,3,-1.1476714720152668,0.24413821810509184,0.12493188389889191,0.35345704675234857
time,RNN_Third,4,-0.7627878134955683,0.19538998448123945,0.10248769934702835,0.3201370009027828
time,RNN_Third,5,-1.0289307088855884,0.22296433771453056,0.11787785922851403,0.34333345195088993
time,RNN_Twice,10,-1.1189469427765224,0.22862756751363575,0.1230804949813756,0.35082829843297364
time,RNN_Twice,20,-0.9916968075216843,0.22612511874067037,0.11568356171800784,0.3401228626805435
time,RNN_Twice,2,-1.0012025948361534,0.23747039863736114,0.11645863591339381,0.34126036381829317
time,RNN_Twice,30,-0.8431394865762909,0.210403686795324,0.10724835705886418,0.32748794948648746
time,RNN_Twice,3,-1.1476714720152668,0.24413821810509184,0.12493188389889191,0.35345704675234857
time,RNN_Twice,4,-0.7627878134955683,0.19538998448123945,0.10248769934702835,0.3201370009027828
time,RNN_Twice,5,-1.0289307088855884,0.22296433771453056,0.11787785922851403,0.34333345195088993
time,UniTS,10,1.0,0.0,0.0,0.0
time,UniTS,20,1.0,0.0,0.0,0.0
time,UniTS,2,1.0,0.0,0.0,0.0
time,UniTS,30,1.0,0.0,0.0,0.0
time,UniTS,3,1.0,0.0,0.0,0.0
time,UniTS,4,1.0,0.0,0.0,0.0
time,UniTS,5,1.0,0.0,0.0,0.0
